,text,id,retweets,replys,likes,author_id,source,lang,created_at,place_id
0,At√© o Eymael t√° no TikTok https://t.co/rFLNVaB4rf,1.5376451201154253e+18,0.0,0.0,2.0,42946469.0,Twitter for iPhone,pt,2022-06-17 03:55:39+00:00,
1,"@vuintrieri Ele entregou a campanha para seu filho 02, Carlos Eymael.",1.537628512538055e+18,0.0,0.0,0.0,55125853.0,Twitter for Android,pt,2022-06-17 02:49:39+00:00,
2,"@2quadrinhos Seu filho 02, Carlos Eymael, assumiu a campanha.",1.5376281516475515e+18,0.0,0.0,0.0,55125853.0,Twitter for Android,pt,2022-06-17 02:48:13+00:00,
3,"@UmNovoToninho Quando come√ßar a campanha e tocarem o famoso jingle do Eymael, acabou para  Tebet. Se tiv√©ssemos voto impresso, capaz o Eymael ter mais votos at√© que o Nove-Dedos.",1.5376244660874568e+18,0.0,0.0,2.0,1.4088376659324314e+18,Twitter Web App,pt,2022-06-17 02:33:35+00:00,
4,"Ok, Draymond de 3 no estouro do cron√¥metro j√° d√° vontade de acionar o Eymael",1.5376226028978176e+18,0.0,0.0,0.0,202389898.0,Twitter Web App,pt,2022-06-17 02:26:10+00:00,
5,@flanun @2quadrinhos Mas Eymael √© da DC.,1.537622600964313e+18,0.0,0.0,0.0,1.4588696338014044e+18,Twitter Web App,pt,2022-06-17 02:26:10+00:00,
6,Incomodar o Eymael... Kkkkkkkkkkkkkkk https://t.co/dbLKEPAhEf,1.537620676496048e+18,5.0,2.0,19.0,1.434958240580784e+18,Twitter for Android,pt,2022-06-17 02:18:31+00:00,
7,"@VEJA @casado_oficial Uhum, come√ßou a incomodar os 0,7% do Eymael, aquele do jingle ""Ey, Ey, Eymael. Um democrata crist√£o"" kkkkkkk",1.5376188847187313e+18,0.0,0.0,0.0,1.157317251105788e+18,Twitter for Android,pt,2022-06-17 02:11:24+00:00,
8,"@FERRMartins2 @unrestauradora Eymael, lembrei do slogan dele quando vi essa foto",1.5376170883779297e+18,0.0,0.0,2.0,1.3382695616285942e+18,Twitter for Android,pt,2022-06-17 02:04:16+00:00,
9,@wxtamara ey ey eymael um democrata cristao,1.537611972300231e+18,0.0,1.0,1.0,1.4299124306588713e+18,Twitter Web App,es,2022-06-17 01:43:56+00:00,
10,#CorpusChristi #democraciacrist√£ #Eymael #Brasil https://t.co/amFR1bTUfG,1.537600126604157e+18,0.0,0.0,1.0,1.4588696338014044e+18,Twitter Web App,qme,2022-06-17 00:56:52+00:00,
11,"@SchiavoGuto @desmentindobozo Ent√£o, quer dizer que a cadeira est√° vazia?
(Seria interessante se Eymael gravasse uma vers√£o atualizada desta propaganda)

https://t.co/WKHIfBDnR0",1.5375966429621576e+18,0.0,0.0,0.0,1.4588696338014044e+18,Twitter Web App,pt,2022-06-17 00:43:01+00:00,
12,@2quadrinhos Eymael est√° apenas quatro anos atrasado: https://t.co/tQqbp7g10G,1.5375921993360343e+18,0.0,1.0,1.0,67770943.0,Twitter for Android,es,2022-06-17 00:25:22+00:00,
13,"@2quadrinhos Que isso eymael?
Vai defender Zack Sneyder tamb√©m?",1.5375894594406195e+18,0.0,1.0,1.0,154628502.0,Twitter for Android,pt,2022-06-17 00:14:28+00:00,
14,Eymael ahaahah,1.5375886643639951e+18,0.0,0.0,0.0,147329117.0,Twitter for Android,tl,2022-06-17 00:11:19+00:00,
15,@UmNovoToninho @VEJA @casado_oficial Ei...ei...Eymael ü§£üòÇüòÇ,1.537585318085337e+18,0.0,0.0,1.0,2957823203.0,Twitter for Android,cy,2022-06-16 23:58:01+00:00,
16,@2quadrinhos Ey ey eymael um democrata lombadeiro,1.5375847640642437e+18,0.0,0.0,1.0,1.0725161272621548e+18,Twitter for Android,pt,2022-06-16 23:55:49+00:00,
17,"Ey Ey Eymael, um democrata doid√£o https://t.co/kQb1qnerlO",1.5375843507655598e+18,0.0,2.0,11.0,1.1448049329876296e+18,Twitter for Android,pt,2022-06-16 23:54:10+00:00,
18,"Eymael se choca com discurso de Jair Bolsonaro: ""Ele quer que eu morra""",1.5375801572462592e+18,0.0,0.0,0.0,9.584965609916868e+17,politicasemfato,pt,2022-06-16 23:37:31+00:00,
19,#democraciacrist√£ #Eymael #Brasil #elei√ß√µes2022 #terceiravia #presidente #pol√≠tica https://t.co/dI1JPYiVdR,1.5375760395258962e+18,0.0,0.0,1.0,1.4588696338014044e+18,Twitter Web App,qme,2022-06-16 23:21:09+00:00,
20,"Prote√ß√£o aos pequenos produtores rurais.

#democraciacrist√£ #Eymael #Brasil #elei√ß√µes2022 #terceiravia #presidente #pol√≠tica #rural #zonarural #pequenoprodutor #pequenosprodutores #reformaagraria https://t.co/umEkk1yKZq",1.537575339962024e+18,0.0,0.0,0.0,1.4588696338014044e+18,Twitter Web App,pt,2022-06-16 23:18:22+00:00,
21,"Kkkkkkkkkkkkkkkkkkkkkkkk Kkkkkkkkkkkkkkkkkkkkkkkk 
L√≠der nas pesquisas  !!!!
@ptbrasil @LulaOficial @geraldoalckmin @randolfeap @gleisi 
V√£o perder, at√© pro Eymael
Kkkkkkkkkkkkkkkkkkkkkkkkk https://t.co/9WBZWRqkQR",1.5375751606598124e+18,0.0,0.0,1.0,1.5350096061411205e+18,Twitter for Android,pt,2022-06-16 23:17:39+00:00,
22,"Se o Eymael ganha ele entra em colapso
''E agora? Nunca imaginei chegar nessa parte''",1.5375735897671393e+18,0.0,1.0,5.0,9.464133023133124e+17,Twitter Web App,pt,2022-06-16 23:11:25+00:00,
23,"@bitwizardry86 A campanha dela tem a mesma relev√¢ncia da campanha do üé∂‚ÄúEy Ey Eymael, um democrata crist√£o‚Äùüé∂",1.5375734007465452e+18,0.0,0.0,1.0,1.2054344534363791e+18,Twitter for iPhone,pt,2022-06-16 23:10:40+00:00,
24,@VEJA @casado_oficial Incomodar o Eymael... Kkkkkkkkkkkkkkk,1.5375702284854764e+18,16.0,11.0,233.0,1.434958240580784e+18,Twitter for Android,pt,2022-06-16 22:58:03+00:00,
25,"@VEJA @casado_oficial Verdade dona @simonetebetbr, seus 2% incomodam o Eymael, Cabo Daciolo, Felipe D‚Äô√Åvila, Luciano Bivar‚Ä¶",1.537532889507709e+18,0.0,2.0,18.0,1.399436910783877e+18,Twitter for iPhone,pt,2022-06-16 20:29:41+00:00,
26,S√≥ fiquei sabendo hoje que o Levi Fidelix j√° n√£o mama mais do fundo partid√°rio. Agora falta o Eymael. Xarabac√¥va.,1.5375146819417743e+18,1.0,0.0,1.0,36633887.0,Twitter for Android,pt,2022-06-16 19:17:20+00:00,{'place_id': '5722ff20ba67083b'}
27,"@cirogomes @CarlosLupiPDT 1 debate por dia, boa.

Voc√™ e o Eymael diariamente na TV. Vai todo mundo acompanhar.",1.537475651481047e+18,0.0,1.0,1.0,1526140458.0,Twitter Web App,pt,2022-06-16 16:42:14+00:00,
28,"Ei ei Eymael
Todo democrata √© loc√£o",1.5374489768189215e+18,0.0,1.0,2.0,26669252.0,Twitter for Android,pt,2022-06-16 14:56:15+00:00,
29,@tchunbs Pra mim uma pesquisa em que √™ √™ √äymael n√£o est√° em primeiro √© golpe!,1.5374407554211062e+18,0.0,0.0,0.0,25164642.0,Twitter for Android,pt,2022-06-16 14:23:35+00:00,
30,"@DiegoPSS28 @EleicaoBr2022 Falaram sim, voc√™ disse que ia votar no Eymael, o democrata crist√£o",1.5374298574239375e+18,0.0,1.0,1.0,1.192771889351078e+18,Twitter for iPhone,pt,2022-06-16 13:40:16+00:00,
31,"@LindolfoRodolf1 @Carvalhovalle2 @dramayraoficial @eymaelpr2022 Meu pinto no seu aro,

Lula roubou todos n√≥s e Bolsonaro tambem: covaxin, ouremos do MEC, orcamento secreto...

Quem tem corrupto de estima√ß√£o √© voc√™!

Meu voto √© de Eymael @eymaelpr2022",1.5373824232893768e+18,0.0,0.0,0.0,1.4801793152623452e+18,Twitter Web App,pt,2022-06-16 10:31:47+00:00,
32,"@eixopolitico ter partido √© um negocio

por isso q essa vera lucia e aquele eymael s√£o candidatos

N√£o tem chance , mas tem 3 mi ai pra administrar e fazer a festa",1.537241445576323e+18,0.0,1.0,27.0,1.486423043257815e+18,Twitter Web App,pt,2022-06-16 01:11:35+00:00,
33,"Vera L√∫cia a)-https://t.co/wTu36eUQvY
b)https://t.co/g2ELMoi9Al
c)https://t.co/iFdUKI0tXk

Sofia Manzano-https://t.co/GNgoCCQH4d

Eymael-???",1.5372346356539105e+18,0.0,0.0,0.0,1.4466726264123963e+18,Twitter for Android,pt,2022-06-16 00:44:32+00:00,
34,@GBonomi_SP Eu vou fazer voto de protesto o eymael,1.5372332355869532e+18,0.0,0.0,2.0,1.4676773290277478e+18,Twitter for Android,pt,2022-06-16 00:38:58+00:00,
35,o facebook oficial do Eymael sempre me faz rir https://t.co/IvLG54mMff,1.537231589771387e+18,0.0,3.0,15.0,8.882070951994081e+17,Twitter for Android,pt,2022-06-16 00:32:26+00:00,
36,"@marcelobs77 @botts___ @Phill_Liep A galera fala mal mas a Tebet tem mais que 4x os votos de Bivar e Eymael hein..

Potencia!",1.5372225965040804e+18,0.0,0.0,1.0,49632641.0,Twitter Web App,pt,2022-06-15 23:56:41+00:00,
37,Eymael vai crescer quando come√ßar a campanha pra valer. https://t.co/lehMuMfl0j,1.537213330389074e+18,0.0,0.0,0.0,140296821.0,Twitter for Android,pt,2022-06-15 23:19:52+00:00,
38,@cirogomes A pesquisa tamb√©m mostra que vc tem tanta chance de chegar ao 2 turno quanto o Janones ou Eymael.,1.5372059646502994e+18,0.0,0.0,0.0,1.032983076215894e+18,Twitter for Android,pt,2022-06-15 22:50:36+00:00,
39,#democraciacrist√£ #Eymael #Brasil #elei√ß√µes2022 #terceiravia #presidente #pol√≠tica https://t.co/hxdDN6LRqU,1.537192908893393e+18,0.0,0.0,3.0,1.4588696338014044e+18,Twitter Web App,qme,2022-06-15 21:58:43+00:00,
40,"Convite aos jovens.

#democraciacrist√£ #Eymael #Brasil #elei√ß√µes2022 #terceiravia #presidente #pol√≠tica #jovem #jovens #juventude https://t.co/uGzrUcGORw",1.537192503832633e+18,0.0,0.0,0.0,1.4588696338014044e+18,Twitter Web App,pt,2022-06-15 21:57:07+00:00,
41,"Eyma-El, o democrata de Krypton.

(Cr√©ditos: Guilherme Osti de Oliveira)

#democraciacrist√£ #Eymael #Brasil #elei√ß√µes2022 #terceiravia #presidente #pol√≠tica #superman #dc #dccomics #superhomem https://t.co/pActa09F3r",1.537191615806202e+18,0.0,0.0,1.0,1.4588696338014044e+18,Twitter Web App,es,2022-06-15 21:53:35+00:00,
42,"@LuizLeitao59 Empatados, Andr√© Janones (Avante) e Felipe D‚Äô√°vila (Novo) est√£o com 1% cada. Os demais nomes testados n√£o pontuaram. Mas de acordo com a pesquisa, Jos√© Maria Eymael (DC), Vera L√∫cia (PSTU), Sofia Manzano (PCB), Leonardo P√©ricles (UP), Luciano Bivar (Uni√£o Brasil) e Pablo Mar√ßal",1.5371914088005222e+18,0.0,2.0,1.0,1.247266269964968e+18,Twitter for Android,pt,2022-06-15 21:52:46+00:00,
43,"Reforma tribut√°ria.

#democraciacrist√£ #Eymael #Brasil #elei√ß√µes2022 #terceiravia #presidente #pol√≠tica #reformatributaria #imposto #impostos https://t.co/NuHSwlY7EA",1.537189365386027e+18,0.0,0.0,0.0,1.4588696338014044e+18,Twitter Web App,pt,2022-06-15 21:44:38+00:00,
44,"@cynaramenezes U√© gente, do Lula ele n√£o vai tirar. Focar nos votos do eymael tamb√©m n√£o renderia muita coisa.",1.5371819570831483e+18,0.0,0.0,1.0,1.4944344056994447e+18,Twitter for Android,pt,2022-06-15 21:15:12+00:00,
45,@MarcusS90634249 @alexwenichi @cirogomes Eymael n√£o‚Ä¶ele t√° mais pra En√©as!,1.5371776916940636e+18,0.0,0.0,1.0,54981181.0,Twitter for iPhone,pt,2022-06-15 20:58:15+00:00,
46,@cirogomes Ciro o novo Eymael!,1.5371763665290936e+18,0.0,0.0,1.0,4899048405.0,Twitter for Android,pt,2022-06-15 20:52:59+00:00,
47,O Eduardo falando pra eu votar no Eymael kkkkkkkkkkkkkkk,1.5371658740749883e+18,0.0,0.0,0.0,7.405885181923205e+17,Twitter Web App,pt,2022-06-15 20:11:18+00:00,
48,@andre_serret @thinkmoreBrazil Andr√© Serret √© Eymael,1.537163084246274e+18,0.0,0.0,0.0,75904276.0,Twitter Web App,pt,2022-06-15 20:00:13+00:00,
49,@alexwenichi @cirogomes N√£o me admiro que petista compare Ciro a Eymael. Voc√™s acreditam no Papai Noel (Lula). ü§£ü§£ü§£ü§£ü§£ü§£ü§£ü§£ü§£,1.5371604105828844e+18,0.0,1.0,4.0,820566128.0,Twitter for Android,pt,2022-06-15 19:49:35+00:00,
50,"@cirogomes Nem com o Lula preso e boa parte da esquerda te apoiando voc√™ conseguiu ir para o segundo turno. Voc√™ est√° virando caricatura das elei√ß√µes, como o Eymael. Sempre o mais competente...compete, compete e compete...",1.5371582814578156e+18,0.0,7.0,42.0,3170869774.0,Twitter Web App,pt,2022-06-15 19:41:07+00:00,
51,"@ThaisRMaschio @pedrodoria Isso n√£o √© verdade, tinha o segundo turno ainda pra acontecer e tentar algo.

 Gente como Eymael e tucanos hist√≥ricos apoiaram o Haddad, mas o Ciro n√£o fez isso.

 Inclusive eu votei no Ciro, s√≥ que por essas e outras atitudes, ele nunca mais vai ter meu voto.",1.5371559126867804e+18,0.0,1.0,0.0,317394517.0,Twitter Web App,pt,2022-06-15 19:31:43+00:00,
52,Acaba de sair  pesquisa para 2¬∫ Turno: Eymael 56% e Bolsonaro 22%.,1.5371366958245888e+18,0.0,0.0,0.0,1.4502491359915418e+18,Twitter Web App,pt,2022-06-15 18:15:21+00:00,
53,@proposicoes Eymael.,1.537120532080038e+18,0.0,0.0,1.0,1.4588696338014044e+18,Twitter Web App,is,2022-06-15 17:11:07+00:00,
54,Quem chega na frente em outubro: Ciro Guedes ou Eymael? Vamos fazer um bol√£o?,1.5371068994679644e+18,0.0,0.0,0.0,97690701.0,Twitter Web App,pt,2022-06-15 16:16:57+00:00,
55,@proposicoes Eymael,1.5371047621596529e+18,0.0,0.0,1.0,1.0596771910369444e+18,Twitter for Android,is,2022-06-15 16:08:27+00:00,
56,@guigo__ eymael,1.537097982998356e+18,0.0,0.0,0.0,40371942.0,Twitter Web App,is,2022-06-15 15:41:31+00:00,
57,"@3fernando11 @CentralEleicoes N√£o v√£o ter tantos candidatos reais assim

Nessa elei√ß√£o s√≥ vai ter LULA/BOLSO/CIRO/TEBET/Cara Do Novo

O Resto pouco importa (Pois n√£o v√£o nos debates , e enfim)

Quem diabos vota no eymael e vera lucia por exemplo? ninguem 

e N√£o estamos na elei√ß√£o ,elei√ß√£o s√≥ come√ßa em agosto",1.5370927313691484e+18,0.0,1.0,0.0,1.486423043257815e+18,Twitter Web App,pt,2022-06-15 15:20:39+00:00,
58,@gatosabado Acho que ele ainda n√£o desistiu do Eymael,1.537092714218541e+18,0.0,0.0,1.0,9378572.0,Twitter Web App,pt,2022-06-15 15:20:35+00:00,
59,"@SF_Moro @AndreMarinho üéØDr. @SF_Moro, p/ ser ungido como o nome da  DIREITA + 3¬™ VIA, deve entrar na Fazenda. Como enxadrista e ex-juiz imparcial, vencer√° os pe√µes e ser√° catapultado nas pesquisas, n√£o restando ao Bolsonaro, Tebet, Ciro, Bivar e Eymael a desist√™ncia.
Att. Coach
https://t.co/YDUnf1VhMN",1.5370769007026094e+18,0.0,0.0,1.0,1.1908454787259963e+18,Twitter for Android,pt,2022-06-15 14:17:45+00:00,
60,@jsousa01 @alvaroborba @FabioPorchat √áiro Bones! roedor de osso do golpe de 2016. o cara ta queimando tanto o pr√≥prio filme q em agosto vai √© t√° parelho com o EYMAEL RSRSRS,1.537076278343385e+18,0.0,0.0,1.0,1.2215808850881823e+18,Twitter Web App,pt,2022-06-15 14:15:16+00:00,
61,"Meu presida...

Ey Ey Eymael....

#Elei√ß√µes2022 https://t.co/gnmRxjTNJZ",1.5370747891011215e+18,0.0,0.0,2.0,9.771554481922908e+17,Twitter for Android,pt,2022-06-15 14:09:21+00:00,
62,@komphelasteve Are u saying he's another Eymael ü§®ü§®,1.5370720402046976e+18,0.0,0.0,0.0,1.2139142835677716e+18,Twitter for Android,en,2022-06-15 13:58:26+00:00,
63,"@fabricio_fortal @HeribaldoMaia Zuada a√≠ Man, tu vai votar √© no Eymael",1.5370614254992794e+18,0.0,1.0,1.0,2754005571.0,Twitter for Android,pt,2022-06-15 13:16:15+00:00,
64,"Pesquisa PRESIDENTE Data Max em Teresina capital do Piau√≠ divulgada hoje 15

üü£Lula PT 59,17%
üîµBolsonaro PL 19%
üü¢Ciro PDT 6%
üü§Janones Avante 1,67%
üü†Tebet MDB 0,83%
üü§Davilla Novo 0,17%
üîµEymael DC 0,17%
üî¥Sofia PCB 0,17%
‚ö™B/N 8,5%
‚ö´NS/NR 4,33%",1.5370608977006838e+18,26.0,10.0,218.0,1.1747779390969815e+18,Twitter for Android,pt,2022-06-15 13:14:09+00:00,
65,eu e o eymael estamos motorizados N√ÉO saiam na rua. avisados. https://t.co/Sldii11mH5,1.537058115677565e+18,0.0,2.0,6.0,1.3855970530242806e+18,Twitter for iPhone,pt,2022-06-15 13:03:06+00:00,
66,@AntonioSous @BlogdoNoblat @CNNBrasil O Eymael ficou indignado quando viu isso a√≠.,1.537057123271684e+18,0.0,0.0,0.0,1.4588696338014044e+18,Twitter for Android,pt,2022-06-15 12:59:09+00:00,
67,@CoolApeNonkosi @komphelasteve Lol go and ask Luc Eymael he was shown repsectüòÇüòÇüòÇ,1.5370528463397847e+18,0.0,0.0,0.0,98629841.0,Twitter Web App,en,2022-06-15 12:42:10+00:00,
68,@DoutorHammond @JornalismoWando O cara vai falar de quem do eymael?,1.5370277579763098e+18,0.0,1.0,5.0,1.4944344056994447e+18,Twitter for Android,pt,2022-06-15 11:02:28+00:00,
69,@komphelasteve You almost fought Luc Eymael I guess that was in a shebeen.,1.5370258163407135e+18,0.0,1.0,1.0,105113449.0,Twitter Web App,en,2022-06-15 10:54:45+00:00,
70,Segundo meu entendimento t√©cnico o Eymael j√° foi eleito cinco vezes presidente üëÅ @TSEjusbr,1.5370238641522483e+18,0.0,0.0,0.0,1337243768.0,Twitter for iPhone,pt,2022-06-15 10:47:00+00:00,
71,"@LuizCarcerelli @lugafelix ü§£ü§£ü§£
O Eymael √© √≥timo!",1.537023383350698e+18,0.0,0.0,0.0,1.4660636516605706e+18,Twitter Web App,pt,2022-06-15 10:45:05+00:00,
72,Luc Eymael was right about you https://t.co/QlTKeupXYU,1.5369740956188713e+18,0.0,0.0,0.0,1376506536.0,Twitter for Android,en,2022-06-15 07:29:14+00:00,
73,Toda vez esse Eymael kkkkkkk https://t.co/Z8ka4NSBy2,1.5369626683801682e+18,0.0,0.0,0.0,1.2754461593440092e+18,Twitter for Android,pt,2022-06-15 06:43:50+00:00,
74,"but then again, Steve Komphela is die selde broer that got mad when Luc Eymael said some people been coaching for years and ain't won nothing.

I mean that was a statement of fact but it practically gave him a hernia.",1.5369588371603003e+18,0.0,1.0,0.0,63166202.0,Twitter for Android,en,2022-06-15 06:28:36+00:00,
75,"@komphelasteve Wasn't Luc Eymael also Belgian?!

1+1",1.53691092332313e+18,0.0,0.0,0.0,1.5297824597888287e+18,Twitter for Android,en,2022-06-15 03:18:13+00:00,
76,"@eucelotavares @InteligenciaLta @pablomarcal mas e o Eymael, o democrata crist√£o?",1.5369090283616543e+18,0.0,1.0,1.0,115560911.0,Twitter Web App,pt,2022-06-15 03:10:41+00:00,
77,@vitor__r_ @fabiosbrazil @InteligenciaLta @pablomarcal v√£o perder pro eymael,1.5369088355370025e+18,0.0,0.0,0.0,115560911.0,Twitter Web App,pt,2022-06-15 03:09:55+00:00,
78,@marcoc2 E eu fui olhar as minhas agora e tem uma do Eymael kkkk,1.536908041194553e+18,0.0,0.0,1.0,32701173.0,Twitter Web App,pt,2022-06-15 03:06:46+00:00,
79,@willgomes N√£o foi o Eymael?,1.5368951696723968e+18,0.0,0.0,0.0,1.4857783273612698e+18,Twitter Web App,pt,2022-06-15 02:15:37+00:00,
80,@youngApoll @AfpChecamos @LewisHamilton Eymael,1.5368909042623652e+18,0.0,0.0,2.0,38087611.0,Twitter Web App,is,2022-06-15 01:58:40+00:00,
81,#democraciacrist√£ #Eymael #Brasil #elei√ß√µes2022 #terceiravia #presidente #pol√≠tica https://t.co/j9fUwluxqj,1.536879196080853e+18,0.0,0.0,5.0,1.4588696338014044e+18,Twitter Web App,qme,2022-06-15 01:12:08+00:00,
82,#democraciacrist√£ #Eymael #Brasil #elei√ß√µes2022 #terceiravia #presidente #pol√≠tica #rural #zonarural https://t.co/HdwLWaAOuf,1.5368776706334392e+18,0.0,0.0,0.0,1.4588696338014044e+18,Twitter Web App,qme,2022-06-15 01:06:05+00:00,
83,"@anitablian Eymael e Raquel Lyra. Senado e congresso n√£o tenho nem ideia, √© poss√≠vel que eu anule.",1.5368691030420193e+18,0.0,0.0,1.0,538147901.0,Twitter Web App,pt,2022-06-15 00:32:02+00:00,
84,@BruxoMusico @Estadao @fausto_macedo Ei ei Eymael...,1.5368577104315556e+18,0.0,0.0,0.0,35361555.0,Twitter for Android,cy,2022-06-14 23:46:46+00:00,
85,@Juhlyzombie Eymael Democrata Crist√£o,1.5368520307651215e+18,0.0,0.0,0.0,1.2568104489278095e+18,Twitter for Android,pt,2022-06-14 23:24:12+00:00,
86,"@bequebomdebola Mas tanto o Am√©rica-MG quanto o Athletico-PR est√£o ali como a Vera L√∫cia e o Eymael. Com todo respeito aos partid√°rios do PSTU e do DC, n√£o vale dobrar o custo para ordenar o escal√£o deles mais precisamente. O patamar j√° √© esclarecedor sozinho.",1.5368284366012498e+18,0.0,1.0,0.0,53457200.0,Twitter Web App,pt,2022-06-14 21:50:26+00:00,
87,"@GuilhermeBoulos No seu caso ele nem precisaria pedir ajuda.

Voc√™ n√£o ganha nem do Eymael...",1.5368254704189276e+18,0.0,0.0,0.0,374275205.0,Twitter Web App,pt,2022-06-14 21:38:39+00:00,
88,"@uniaobrasil44 @SF_Moro üî∞Dr. @SF_Moro, p/ ser ungido como o nome da  DIREITA + 3¬™ VIA, deve entrar na Fazenda. Como enxadrista e ex-juiz imparcial, vencer√° os pe√µes e ser√° catapultado nas pesquisas, n√£o restando ao Bolsonaro, Tebet, Ciro, Bivar e Eymael a desist√™ncia.
Att. Coach
https://t.co/YDUnf1VhMN",1.5368225096345723e+18,0.0,0.0,0.0,1.1908454787259963e+18,Twitter for Android,pt,2022-06-14 21:26:53+00:00,
89,@komphelasteve That's right Bra Steve this coach reminds me Eymael,1.536819372051911e+18,0.0,1.0,2.0,1.4960656735413985e+18,Twitter for Android,en,2022-06-14 21:14:25+00:00,
90,"@lugafelix Porque t√° na hora de ver se emplacam a Simone, depois que tentarem o Eymael, pode ser que o Ciro suba",1.5368186609830707e+18,0.0,1.0,1.0,1.269636182188667e+18,Twitter for Android,pt,2022-06-14 21:11:36+00:00,
91,"Eu estou achando que o Bolsonaro n√£o ganhar em primeiro turno, vai disputar o segundo com o EYMAEL",1.5368147449208545e+18,1.0,0.0,7.0,540276838.0,Twitter Web App,pt,2022-06-14 20:56:02+00:00,
92,"@SigaGazetaBR Essa ""songa-monga"" perde pro Eymael!!!",1.5368118550369649e+18,0.0,0.0,0.0,1.3728954465118126e+18,Twitter for Android,pt,2022-06-14 20:44:33+00:00,{'place_id': 'ed74cc748183253a'}
93,"URGENTE-BOLSONARO DISPARA EM SANTA CATARINA
Pesquisa do Instituto Paran√° realizada com eleitores de Santa Catarina:
Bolsonaro 45,1%
Lula 29%.
Ciro Gomes 6,2%
Vera L√∫cia 1,6%
Simone Tebet 1,4%
Andr√© Janones 0,9%
Pablo Mar√ßal 0,6%
Felipe D‚Äô√Åvila 0,5%
Bivar 0,3%
Eymael 0,2%.",1.5368037829437276e+18,0.0,0.0,0.0,1.5175756574249206e+18,Twitter for Android,pt,2022-06-14 20:12:28+00:00,
94,Nova pesquisa de v√°rios institutos diz que Eymael ganha de Bolsonaro no segundo turno ..na pesquisa Bolsonaro ficaria com 39%  Simone tablet fica com -1 %.  Lula 13%. Ciro 7% e Eymael 40%,1.5367858406340444e+18,0.0,0.0,0.0,1.5122135432481792e+18,Twitter for Android,pt,2022-06-14 19:01:11+00:00,
95,@goblintowmwtf Wow! Did you know?  @Eliza19cas @CatintheWindow_ @PusagFinelyjr @Sergenmamolu2 @akaney @mustafagul31 @MarisaStruck @KK54579475 @romain_eymael @kayamuratcn @JimTobal @S_p_i_k_e_s @marvsap_ @GianlucaBoarolo @Choox1 @celinengxy2 @xixi65920047,1.536783934192771e+18,0.0,0.0,0.0,1.4109076429990666e+18,Twitter Web App,en,2022-06-14 18:53:36+00:00,
96,@claudioedantas Nenhum. At√© Eymael √© melhor,1.5367603675479204e+18,0.0,0.0,0.0,1.484374286383018e+18,Twitter for Android,pt,2022-06-14 17:19:57+00:00,
97,@liberal22_rs Cad√™ a proje√ß√£o de Bolsonaro e eymael no segundo turno? üòÇüòÇüòÇüòÇüòÇüòÇ,1.536748524632789e+18,0.0,0.0,0.0,24590006.0,Twitter for iPhone,pt,2022-06-14 16:32:54+00:00,
98,,,,,,,,,,
99,,,,,,,,,,
0,"""Executiva Nacional da Democracia Crist√£ - DC - Reunida para tra√ßar os rumos das elei√ß√µes que se aproximam...
DC Na vida dos brasileiros!""
(Eymael)

#democraciacrist√£ #Eymael #Brasil #elei√ß√µes2022 #terceiravia #presidente #pol√≠tica https://t.co/027whtOK9t",1.5480790282165494e+18,0.0,0.0,0.0,1.4588696338014044e+18,Twitter Web App,pt,2022-07-15 22:56:16+00:00,
1,"Mensagem de Eymael em defesa do povo cubano.

#democraciacrist√£ #Eymael #Brasil #elei√ß√µes2022 #terceiravia #presidente #pol√≠tica #democraciacristiana #Cuba #protesto #ODCA https://t.co/LFqJJkZd3k",1.548078792580612e+18,0.0,0.0,1.0,1.4588696338014044e+18,Twitter Web App,pt,2022-07-15 22:55:20+00:00,
2,"@ailsom @rafinhabastos Ey , Ey Eymael um democrata crist√£o",1.548068645816787e+18,0.0,1.0,4.0,1.5405788706462474e+18,Twitter for Android,pt,2022-07-15 22:15:01+00:00,
3,"üìùParan√° Pesquisas
üèôÔ∏èPRESIDENTE 
üáßüá∑Minas Gerais üìÖ15/07

üî¥Lula PT 42%
üîµBolsonaro PL 34% 
üü£Ciro PDT 6,5% 
üü†Tebet MDB 2,1% 
üü§Janones Avante 2%
üîµMar√ßal PROS 1,3%
üîòVera L√∫cia PSTU, D‚Äô√Åvila Novo, Eymael DC, P√©ricles UP, Bivar UB, e Sofia Manzano PCB &lt; 1%
‚ö´NS/NR 3,7%
‚ö™B/N 6,8%",1.5480620774780232e+18,4.0,8.0,66.0,1.3300824002993398e+18,Twitter for Android,pt,2022-07-15 21:48:55+00:00,
4,"@rafinhabastos Ah, mas fala s√©rio. O tal do Eymael e a Vera L√∫cia, por exemplo, n√£o t√™m mesmo a m√≠nima chance. kkkkkkkkkk",1.5480595481827123e+18,0.0,0.0,0.0,1.3464640331599954e+18,Twitter Web App,pt,2022-07-15 21:38:52+00:00,
5,Sim a partir do exato momento q eu decidir votar no eymael ele vai crescer nas pesquisas https://t.co/nftI3qdDUP,1.548055535718609e+18,0.0,0.0,0.0,8.380412238730527e+17,Twitter for Android,pt,2022-07-15 21:22:55+00:00,
6,@rafinhabastos Eymael leva no primeiro turno,1.5480551968942776e+18,0.0,1.0,14.0,20981782.0,Twitter for Android,es,2022-07-15 21:21:35+00:00,
7,"@vidatrotamundo @DiscutindoPnd @brussel_ive Kkkkkkkkkkkkk a candidatura dele n√£o est√° nadando de bra√ßada, est√° nadando abra√ßada com as de Tebet, Eymael, Janones...",1.5480551462732227e+18,0.0,0.0,0.0,405707514.0,Twitter for Android,pt,2022-07-15 21:21:23+00:00,
8,"üìùParan√° Pesquisas
üèôÔ∏èPRESIDENTE 
üáßüá∑Minas Gerais üìÖ15/07

üî¥Lula PT 42%
üîµBolsonaro PL 34% 
üü£Ciro PDT 6,5% 
üü†Tebet MDB 2,1% 
üü§Janones Avante 2%
üîµMar√ßal PROS 1,3%
üîòVera L√∫cia PSTU, D‚Äô√Åvila Novo, Eymael DC, P√©ricles UP, Bivar UB, e Sofia Manzano PCB &lt; 1%
‚ö´NS/NR 3,7%
‚ö™B/N 6,8%",1.5480544016165315e+18,14.0,25.0,156.0,1.1747779390969815e+18,Twitter for Android,pt,2022-07-15 21:18:25+00:00,
9,"@EstevaoThiesen @brussel_ive Ciro tem 6% do eleitorado. A turma boa dele √© a Simone Tebet o Eymael, Bivar, Janones , etc. S√£o esses que ele pode chamar pra debates. As candidaturas dele e dos desse grupo a√≠, s√£o meramente DECORATIVAS, h√° muitos pleitos.",1.5480541032420762e+18,0.0,1.0,0.0,405707514.0,Twitter for Android,pt,2022-07-15 21:17:14+00:00,
10,"@LucianoHangBr Meu voto vai pro Eymael, ele m",1.548053244726825e+18,0.0,0.0,2.0,1.5313058933584568e+18,Twitter for Android,pt,2022-07-15 21:13:49+00:00,
11,N√£o votar em Eymael deve ser pecado mortal hehehe https://t.co/To4avWIQaC,1.5480503512484454e+18,0.0,0.0,0.0,1.523850248300417e+18,Twitter Web App,pt,2022-07-15 21:02:19+00:00,
12,"@Rconstantino Constanpano tem raz√£o, ele apoia o Eymael.",1.5480426466433884e+18,0.0,0.0,0.0,220323918.0,Twitter for iPhone,pt,2022-07-15 20:31:42+00:00,
13,@O_ViniciusR @_barzai Estamos todos juntos com Eymael.,1.5480423878212116e+18,0.0,0.0,4.0,1.2204166616285553e+18,Twitter Web App,pt,2022-07-15 20:30:41+00:00,
14,"@O_ViniciusR Ey, Ey, Eymael. Um democrata crist√£o https://t.co/MbYYyTy16e",1.5480414979576586e+18,0.0,1.0,2.0,1.4854014108375695e+18,Twitter Web App,pt,2022-07-15 20:27:08+00:00,
15,@cavalinhodocec EYMAEL https://t.co/PYxML1x5oo,1.5480397582736056e+18,0.0,0.0,0.0,1.537582789222142e+18,Twitter for Android,is,2022-07-15 20:20:14+00:00,{'place_id': '0451b7002ef8f39f'}
16,"Isso aqui nem fez sentido, o Eymael tamb√©m √© democraticamente uma op√ß√£o de l√≠der do executivo, n√£o torna ele relevante https://t.co/FODUDEaO2v",1.548037031984386e+18,0.0,1.0,2.0,1.0885540956219556e+18,Twitter for Android,pt,2022-07-15 20:09:24+00:00,
17,@simonetebetbr perde para o Eymael? √â isso mesmo produ√ß√£o? https://t.co/uHR31iZQgx,1.548020435631018e+18,0.0,0.0,0.0,1.0776556696360223e+18,Twitter for Android,pt,2022-07-15 19:03:27+00:00,
18,@flalefevre2 A terceira via morreu... perde para o Eymael que nem sei quem √©....ü§£ü§£,1.5480151232849306e+18,0.0,0.0,0.0,187193032.0,Twitter for Android,pt,2022-07-15 18:42:20+00:00,
19,"@surian Se o tema da festa fosse o Eymael, do PDC ?",1.5480046137013248e+18,0.0,0.0,0.0,20981782.0,Twitter Web App,pt,2022-07-15 18:00:35+00:00,
20,EY EY EYMAEL,1.5479874631586488e+18,0.0,1.0,1.0,1.4825530648129536e+18,Twitter for iPhone,en,2022-07-15 16:52:26+00:00,
21,Onde eu acho uma toalha do Eymael pra comprar?,1.5479730208614154e+18,0.0,0.0,0.0,3093841087.0,Twitter for Android,pt,2022-07-15 15:55:02+00:00,
22,"@AndradeRNegro2 Se o tema da festa fosse o Eymael, do PDC, o bandido teria matado ?",1.5479670617913713e+18,0.0,0.0,1.0,20981782.0,Twitter Web App,pt,2022-07-15 15:31:22+00:00,
23,@rivadafiel Eymael,1.5479645952092856e+18,0.0,0.0,0.0,1.4148731654913147e+18,Twitter for Android,is,2022-07-15 15:21:33+00:00,
24,@rivadafiel Eymael,1.5479621026140692e+18,0.0,1.0,0.0,1.4148731654913147e+18,Twitter for Android,is,2022-07-15 15:11:39+00:00,
25,"‚ÄòAssistam ""N√£o olhe para cima!"". N√£o existe amea√ßa biol√≥gica, ou at√© mesmo astron√¥mica t√£o perigosa quanto a capacidade humana de n√£o ter empatia‚Äô, recomendou Eymael",1.5479610247324918e+18,0.0,0.0,1.0,9.584965609916867e+17,politicasemfato,pt,2022-07-15 15:07:22+00:00,
26,"OPINI√ÉO: Se n√£o melhorar logo, a coisa vai piorar r√°pido. Leia o novo artigo de Eymael em nosso site.",1.547953915060138e+18,0.0,0.0,0.0,9.584965609916867e+17,politicasemfato,pt,2022-07-15 14:39:07+00:00,
27,"Bahia, hoje, Quaest

Lula (PT): 62%
Jair Bolsonaro (PL): 19%
Ciro Gomes (PDT): 5%
Andr√© Janones (Avante): 2%
Simone Tebet (MDB): 1%
Vera L√∫cia (PSTU): 1%
Luciano Bivar (Uni√£o Brasil): 0%
Eymael (DC): 0%
Sofia Manzano (PCB): 0%
Indecisos: 4%
Branco/Nulo/N√£o pretende votar: 5%",1.5479459689218212e+18,1.0,1.0,18.0,112565129.0,Twitter Web App,pt,2022-07-15 14:07:33+00:00,
28,@duiliovilela @ozielmeloPB Eymael e cabo com boa vota√ß√£o,1.5479289900855542e+18,0.0,0.0,0.0,7.449679667610624e+17,Twitter for iPhone,pt,2022-07-15 13:00:05+00:00,
29,@scimichel E Eymael presidente‚Ä¶üòÇüòÇüòÇ,1.547908984081752e+18,0.0,0.0,1.0,1.505330499472003e+18,Twitter for iPhone,pt,2022-07-15 11:40:35+00:00,
30,@simonetebetbr @revistapiaui Ate o Eymael tem mais voto que essa dona kkkkkkk Choraaaaaaaaa porque at√© 2026 Bolsonaro vai colocar o trem nos trilhos. Os canhotas est√£o desesperados kkkkkkkkk #bolsonaro2022,1.5478834118926213e+18,0.0,0.0,0.0,1541703678.0,Twitter for iPhone,pt,2022-07-15 09:58:58+00:00,
31,"@gebordados Eymael famoso voto de protesto haha mas acho que a Tebet seria uma boa presidente tbm,e iria quebrar um pouco essa polariza√ß√£o dos infernos,ela √© o meu plano B caso Ciro desista(o que acho muito dif√≠cil de acontecer)",1.5478788262139863e+18,0.0,1.0,0.0,1.2783808475996815e+18,Twitter for iPhone,pt,2022-07-15 09:40:45+00:00,
32,@comentomesmo__ Qualquer um at√© no Eymael! J√° fiz isso v√°rias vezes para n√£o votar no PT. Escolhia um que n√£o tinha chances nenhuma de vencer,1.5478764625222738e+18,0.0,1.0,1.0,165429851.0,Twitter Web App,pt,2022-07-15 09:31:21+00:00,
33,@eymaelpr2022 @TakatoKurenai descanse em paz eymael sentirei sua falta,1.5477781363512238e+18,0.0,0.0,1.0,111944702.0,Twitter Web App,pt,2022-07-15 03:00:38+00:00,
34,Eymael √© foda KKKKKKKKKKKKKKKK,1.5477577808235274e+18,0.0,0.0,0.0,4778936181.0,Twitter for Android,pt,2022-07-15 01:39:45+00:00,
35,@marlon_verri @eymaelpr2022 Eu sou eymael,1.547757388731519e+18,0.0,2.0,0.0,1.2960509179434557e+18,Twitter for Android,pt,2022-07-15 01:38:12+00:00,
36,"Nada de novo, mas como dizia Eymael: ""Sinais, fortes sinais""",1.5477456675015434e+18,0.0,0.0,0.0,1.2136655427094487e+18,Twitter for Android,pt,2022-07-15 00:51:37+00:00,
37,"üîÑNo dia 31 de julho √© a vez de Vera L√∫cia, do PSTU, e Jos√© Maria Eymael, do DC [Democracia Crist√£], formalizarem suas candidaturas. O evento do PSTU acontecer√° em S√£o Paulo. O DC ainda n√£o definiu onde a conven√ß√£o ser√° realizada.",1.5477388260339425e+18,0.0,1.0,0.0,8.609858753286431e+17,Twitter Web App,pt,2022-07-15 00:24:26+00:00,
38,"E o Ded√© Santana quer um voto impresso, paralelo. Eu achei perfeito.. No eletr√¥nico eu iria de Daciolo e no impresso de Eymael... Seria algo, h aha ha ha ha a https://t.co/j5gsdrzCLD",1.5477356197108572e+18,0.0,0.0,0.0,181207588.0,Twitter Web App,pt,2022-07-15 00:11:41+00:00,
39,"@MarinaSilva Falar a verdade √© silenciar agora???

Se tu fosse homem, ia continuar sendo conhecido como personagem que aparece de 4 em 4 anos....

Igual o cara do aerotrem e o ey ey eymael",1.5477335337030984e+18,0.0,0.0,1.0,1.3552761277120061e+18,Twitter for Android,pt,2022-07-15 00:03:24+00:00,
40,"Rapaz.... Acabou de acontecer algo comigo na Lapa ainda agora

Como diria Eymael... Sinais, fortes sinais üòç https://t.co/h21rHmt4LN",1.547725808554324e+18,0.0,0.0,0.0,1.207662088879059e+18,Twitter for Android,pt,2022-07-14 23:32:42+00:00,
41,@rubensGPnetto Quem colocou o Eymael na 6a fila s√≥ pode odiar o carisma,1.547717589844996e+18,0.0,0.0,3.0,213759245.0,Twitter for iPhone,pt,2022-07-14 23:00:03+00:00,
42,@reinaldoazevedo Todo mundo votando no Eymael cedula de papel... quero ver s√≥,1.5477018733138616e+18,0.0,0.0,1.0,1.0621028594566144e+18,Twitter for Android,pt,2022-07-14 21:57:36+00:00,
43,"pqp nao acredito que o eymael morreu
ia votar nele......",1.547701160907141e+18,0.0,2.0,5.0,111944702.0,Twitter Web App,pt,2022-07-14 21:54:46+00:00,
44,"@Fernand17663019 @gabegasai Esse povo √© tudo crist√£o freestyle, na minha humilde opini√£o. E eles n√£o se alongam em um programa de governo porque sabem que v√£o perder. De todo modo, j√° perdi a esperan√ßa em voto mesmo.

https://t.co/IAPgE2UNMg",1.5477006952472044e+18,0.0,0.0,4.0,1.2639425865297142e+18,Twitter Web App,pt,2022-07-14 21:52:55+00:00,
45,@CentralEleicoes Eymael???,1.5476991937953956e+18,0.0,0.0,0.0,1276027807.0,Twitter for Android,is,2022-07-14 21:46:57+00:00,
46,"@gebordados @CiraodoCerrado @MarinaSilva Eu mesmo n√£o voto! Se ciro desistir meu voto seria pra simone,se n√£o tivesse nenhum dos dois,a√≠ ia votar em algum candidato aleat√≥rio como protesto,tipo Eymael.",1.5476847820828877e+18,0.0,0.0,1.0,1.2783808475996815e+18,Twitter for iPhone,pt,2022-07-14 20:49:41+00:00,
47,"@CentralEleicoes @henriqueaargolo Central j√° foi petista cirista morista, qnd q sai a DLC do eymael?",1.5476724754036613e+18,0.0,1.0,10.0,1377716100.0,Twitter Web App,pt,2022-07-14 20:00:47+00:00,
48,@HectorBrazilian @Prosa_Nova √â o Eymael um democrata crist√£o,1.5476691708750275e+18,0.0,1.0,0.0,1.419642274779177e+18,Twitter for Android,pt,2022-07-14 19:47:39+00:00,
49,"@gabegasai At√© a√≠ o √∫nico candidato verdadeiramente crist√£o √© o Eymael kkkk
Lula √©  TL
Bolsonaro √© sionista
Ciro t√° colado com o Cano Daciolo 
Etc",1.5476676450123817e+18,1.0,3.0,6.0,1.426742412844716e+18,Twitter for Android,pt,2022-07-14 19:41:35+00:00,
50,@gabegasai Acho que vou votar no Eymael no primeiro turno e no Segundo voto no Frouxo.,1.5476673363997123e+18,0.0,3.0,4.0,1.181202495076479e+18,Twitter Web App,pt,2022-07-14 19:40:21+00:00,
51,@DCM_online Fa√ßo quest√£o de participar. Vou de Lula na eletr√¥nica e Eymael no papelzinho.,1.5476655432760115e+18,0.0,1.0,2.0,1.325592835027034e+18,Twitter Web App,pt,2022-07-14 19:33:14+00:00,
52,@Daphekus_ vc sabe que √© fraude quando o Eymael teve menos votos que o Daciolo,1.5476322902718833e+18,0.0,0.0,1.0,7.899970724014367e+17,Twitter Web App,pt,2022-07-14 17:21:06+00:00,
53,Eymael testa negativo para o coronav√≠rus.,1.547621764485632e+18,0.0,0.0,0.0,9.584965609916867e+17,politicasemfato,pt,2022-07-14 16:39:16+00:00,
54,"top 3 jingles
1-lula la
2-retrato do velho - get√∫lio 
3-agora √© 555 kassab senador
mencao honrosa: ey ey eymael o democrata crist√£o",1.5476210276680417e+18,0.0,2.0,1.0,519066710.0,Twitter for iPhone,pt,2022-07-14 16:36:21+00:00,
55,@witchartemis Que tal Eymael?,1.5476147074223514e+18,0.0,1.0,1.0,1.4588696338014044e+18,Twitter for Android,pt,2022-07-14 16:11:14+00:00,
56,@xcarlet_guinho Que tal Eymael?,1.547612340081664e+18,0.0,0.0,0.0,1.4588696338014044e+18,Twitter for Android,pt,2022-07-14 16:01:49+00:00,
57,@josebastoss Que tal Eymael?,1.5476117356908462e+18,0.0,0.0,0.0,1.4588696338014044e+18,Twitter for Android,pt,2022-07-14 15:59:25+00:00,
58,@anapirolo @luizfn87 Que tal Eymael?,1.5476114821367972e+18,0.0,0.0,0.0,1.4588696338014044e+18,Twitter for Android,pt,2022-07-14 15:58:25+00:00,
59,@angelcris1969 Que tal Eymael?,1.547610947987968e+18,0.0,0.0,0.0,1.4588696338014044e+18,Twitter for Android,pt,2022-07-14 15:56:17+00:00,
60,@bento_joaovitor Que tal Eymael?,1.5476107347160228e+18,0.0,1.0,0.0,1.4588696338014044e+18,Twitter for Android,pt,2022-07-14 15:55:27+00:00,
61,"@quero_ferias Eymael √© muito melhor.
Mas cada um com sua escolha.
O que n√£o d√° √© usar a f√© pra for√ßar candidato.",1.5476106452263526e+18,0.0,0.0,0.0,1.4588696338014044e+18,Twitter for Android,pt,2022-07-14 15:55:05+00:00,
62,Eymael foi ver e te avisa,1.5476085019873403e+18,0.0,0.0,0.0,1.5378287941024317e+18,"Cheap Bots, Done Quick!",pt,2022-07-14 15:46:34+00:00,
63,@dsantosg1 Que tal Eymael?,1.5476053111161037e+18,0.0,0.0,0.0,1.4588696338014044e+18,Twitter for Android,pt,2022-07-14 15:33:53+00:00,
64,@Jobson23487822 Que tal Eymael?,1.547605174121689e+18,0.0,2.0,1.0,1.4588696338014044e+18,Twitter for Android,pt,2022-07-14 15:33:21+00:00,
65,@Fiodanavalha1 Que tal Eymael?,1.5476051227331174e+18,0.0,0.0,0.0,1.4588696338014044e+18,Twitter for Android,pt,2022-07-14 15:33:09+00:00,
66,@kellymatos Estou pela toalha do EYMAEL,1.5476010058350141e+18,0.0,0.0,0.0,17041750.0,Twitter for iPhone,pt,2022-07-14 15:16:47+00:00,
67,@Marcelomelop @CarlaZambelli38 @jairbolsonaro Eymael e Bivar tendo votos ? #LulaLadrao com 36%?,1.5475969236027515e+18,0.0,0.0,0.0,1.2455113914166682e+18,Twitter for Android,pt,2022-07-14 15:00:34+00:00,
68,"@FDoSbt1 @favsiury @jbsalvaje A nova gera√ß√£o precisa conhecer o jingle. L√° tem o n√∫mero (""Pra presidente √© 27""). üòÑ
Mais do que isso, conhecer o pr√≥prio Eymael.",1.54757570582263e+18,0.0,0.0,0.0,1.4588696338014044e+18,Twitter for Android,pt,2022-07-14 13:36:15+00:00,
69,"@FDoSbt1 @favsiury @jbsalvaje Tamb√©m queria saber de onde surgiu essa enquete, porque o Ciro geralmente aparece em terceiro nas pesquisas.
Na elei√ß√£o passada, Eymael tinha 8 segundos. Neste ano, ele nem vai ter.",1.547575301890224e+18,0.0,1.0,0.0,1.4588696338014044e+18,Twitter for Android,pt,2022-07-14 13:34:39+00:00,
70,@angelofragoso21 @abrenikov @CabreraOlavo @catarinaalenca9 @rsallesmma @angelofragoso21 Eu tamb√©m. Ainda mais porque busquei conhecer o Eymael a fundo.,1.5475732594235187e+18,0.0,1.0,1.0,1.4588696338014044e+18,Twitter for Android,pt,2022-07-14 13:26:32+00:00,
71,"@ipedroribeiro @JordsLF @lucianagenro Chance, at√© Eymael tem, se apostarmos em meteoros ou apocalipses zumbis. Me admira voc√™s que tinham tanta confian√ßa nas pesquisas em 2018, para carimbar que o PT perderia, de repente passaram a disputar numa realidade paralela.",1.5475715614391951e+18,0.0,1.0,0.0,1.3537576986643702e+18,Twitter for iPhone,pt,2022-07-14 13:19:47+00:00,
72,@abrenikov @CabreraOlavo @catarinaalenca9 @rsallesmma Prefiro votar no Eymael do que em qq outro dessa lista,1.5475639492136346e+18,0.0,1.0,1.0,1.1686658912797245e+18,Twitter for Android,pt,2022-07-14 12:49:32+00:00,
73,@derflecha @bittersteel01 Nem a marchinha do Eymael?,1.547540833666306e+18,0.0,0.0,1.0,1.2657828978873713e+18,Twitter Web App,pt,2022-07-14 11:17:41+00:00,
74,"@bellaldm Num discurso durante a Constituinte, Eymael frisou a import√¢ncia de o trabalhador viver, usufruir a vida.
E acrescento: precisamos de um sentido, algo que transcende esta vida.",1.547539396450304e+18,0.0,0.0,0.0,1.4588696338014044e+18,Twitter for Android,pt,2022-07-14 11:11:58+00:00,
75,O @SergioReis declarando apoio a Bolsonaro √© o mesmo que eu declarar apoio ao Eymael,1.5475392296386273e+18,0.0,1.0,0.0,309459782.0,Twitter Web App,pt,2022-07-14 11:11:18+00:00,
76,@taislms E n√£o s√£o do Eymael hahahaha,1.5474274551363994e+18,0.0,0.0,1.0,1.171411853282558e+18,Twitter for iPhone,pt,2022-07-14 03:47:09+00:00,
77,"@444pit @EleicaoBr2022 Eymael, vera lucia, leo pericles e sofia manzano",1.547416417246511e+18,0.0,1.0,1.0,1.2475825633524163e+18,Twitter for Android,es,2022-07-14 03:03:18+00:00,
78,@leandroruschel Coitada... T√° perdendo at√© pro Eymael,1.5474099987618365e+18,0.0,0.0,0.0,1.2949970209110426e+18,Twitter for Android,pt,2022-07-14 02:37:47+00:00,
79,"@fabiomoraes √â impressionante a import√¢ncia q essa imbecil se d√°. Ela tem menos votos q Eymael mas como a imprensa bajula, ela se leva a s√©rio",1.547405851245396e+18,0.0,0.0,1.0,41485074.0,Twitter for iPhone,pt,2022-07-14 02:21:19+00:00,
80,"@FDoSbt1 A musiquinha √© um chiclete hahaha ""Ey Ey Eymael, um democrata crist√£o"" kkkkkkk

Ele tem muito pouco tempo no hor√°rio pol√≠tico",1.5474012328680817e+18,0.0,1.0,1.0,300990089.0,Twitter for Android,pt,2022-07-14 02:02:57+00:00,
81,"@marvincius @biazitagomes S√©rio?
Achei que ele tinha morrido antes!!
Mais f√°cil o Eymael ser presidente do que ele‚Ä¶",1.5473967285586985e+18,0.0,0.0,0.0,7.097944421448499e+17,Twitter for iPhone,pt,2022-07-14 01:45:03+00:00,
82,@MGSNoveleiro A√≠ em SP tem o Maluf que sempre perdia tudo que tentava. O Eymael eu n√£o sei como n√£o tem tantos votos mesmo todo mundo sabendo a musiquinha,1.5473926180484874e+18,0.0,1.0,1.0,1.2338735729192182e+18,Twitter Web App,pt,2022-07-14 01:28:43+00:00,
83,"@favsiury @jbsalvaje O Eymael todo mundo conhece pela musiquinha, s√≥ n√£o vota nele e nem sabe o n√∫mero",1.5473897044416307e+18,0.0,1.0,0.0,1.2338735729192182e+18,Twitter Web App,pt,2022-07-14 01:17:09+00:00,
84,"Coitado do Eymael. Tenta, tenta, tenta e n√£o ganha nem pra s√≠ndico de pr√©dio https://t.co/d4uuunplAx",1.5473858511177073e+18,0.0,1.0,1.0,300990089.0,Twitter Web App,pt,2022-07-14 01:01:50+00:00,
85,@Val_Ce1 Eymael.,1.547384383564292e+18,0.0,0.0,1.0,1.4588696338014044e+18,Twitter for Android,is,2022-07-14 00:56:00+00:00,
86,"@dante_mantovani Deixa eu votar no Eymael, Dante?",1.5473806622393713e+18,0.0,1.0,1.0,1.523850248300417e+18,Twitter Web App,pt,2022-07-14 00:41:13+00:00,
87,@edomilsonpapo10 Eymael,1.5473666215761388e+18,0.0,0.0,1.0,58456065.0,Twitter for iPhone,is,2022-07-13 23:45:25+00:00,
88,"@frankjarbas @Eymaeloficial Estou em d√∫vida entre Eymael √© a Extrema Esquerda Ultra Radical do Rui Costa Pimenta.
Quando jovem quis ser revolucion√°rio pra pegar umas hippies mas terminei no ex√©rcito.
Deve ser um trauma.",1.5473644618198712e+18,0.0,0.0,1.0,1.4148731654913147e+18,Twitter for Android,pt,2022-07-13 23:36:50+00:00,
89,CHARTS SIMONE: se lula bolsonaro ciro janones vera lucia en√©as plinio sampaio e eymael DESISTIREM da elei√ß√£o simone ganha J√Å NO PRIMEIRO TURNO!! https://t.co/34DS6v6jjx,1.547359855291388e+18,62.0,14.0,566.0,1306019760.0,Twitter for iPhone,pt,2022-07-13 23:18:32+00:00,
90,"@Intankavelbr22 ""N√£o sou Lula e nem Bolsonaro""
Sim, voc√™ vai votar no EY EY EYMAEL EYMAEL EYMAEL UM DEMOCRATA CRIST√ÉO.",1.5473591638939075e+18,0.0,1.0,4.0,1.3265045372602204e+18,Twitter Web App,pt,2022-07-13 23:15:47+00:00,
91,"@carneirofff @Belzebu__666 @Estadao @EstadaoPolitica Kkkkkk
Meu voto √© Eymael, me respeita.",1.547354434090537e+18,0.0,0.0,0.0,70842369.0,Twitter for Android,pt,2022-07-13 22:57:00+00:00,
92,"A m√≠dia suja, dataglobo,@globo tenta induzir eleitores que votaram em 2018 no @jairbolsonaro ,e descontentes com o MINTO ,a votarem em 2022 no @LulaOficial ,nem morto,lugar de corrupto √© na cadeia,vou na terceira via,Felipe,Bruno,Eymael,vou ver os debates para chegar a conclus√£o https://t.co/qTUtJz0bKQ",1.547351778143912e+18,0.0,1.0,0.0,1.5220100530916557e+18,Twitter for Android,pt,2022-07-13 22:46:26+00:00,
93,@Val_Ce1 Eymael,1.5473497507431875e+18,0.0,0.0,1.0,1.053242803927597e+18,Twitter for Android,is,2022-07-13 22:38:23+00:00,
94,@dogao_doCV eymael do partido democrata crist√£o,1.5473393135742075e+18,0.0,1.0,1.0,1.1686894064646717e+18,Twitter for iPhone,pt,2022-07-13 21:56:55+00:00,
95,@walterjose3 Eymael ficar√° chateado,1.547336517760213e+18,0.0,0.0,0.0,1.361424483681198e+18,Twitter for Android,es,2022-07-13 21:45:48+00:00,
96,"A gra√ßa est√° em Bras√≠lia, aonde est√° palha√ßos travestidos de Eymael - disse pikachu gravido",1.5473335300734566e+18,0.0,0.0,0.0,1.5378287941024317e+18,"Cheap Bots, Done Quick!",pt,2022-07-13 21:33:56+00:00,
97,@DanielaLima_ Debate Eymael x Bivar #CNN360,1.5473299625076408e+18,0.0,0.0,0.0,1.42082527531153e+18,Twitter Web App,es,2022-07-13 21:19:45+00:00,
98,"A porcentagem de votos que o Lula arrebatou do Bolsonaro no TOTAL (pegando o primeiro turno) √© maior que a inten√ß√£o de votos do Ciro 

Sem contar o webcomunista falando que a candidata que t√° atr√°s do Eymael ia roubar mais votos do Bolsonaro do que o Lula kkkkkkkkkkkkkkk https://t.co/Pn5kXLQnxx",1.5473265572570808e+18,0.0,0.0,0.0,146665194.0,Twitter Web App,pt,2022-07-13 21:06:13+00:00,
99,"@folha E a toalha do Eymael, sai quando?",1.5473216300824535e+18,0.0,0.0,1.0,58535719.0,Twitter Web App,pt,2022-07-13 20:46:39+00:00,
